{
    "_version": 2,
    "locale": "zh-tw",
    "uid": "blt22577660a6192945",
    "ACL": {},
    "_in_progress": false,
    "campaign_name": "Hpxtoolsandtips",
    "created_at": "2022-11-02T18:10:51.000Z",
    "created_by": "blt1694396d92625531",
    "dismissible": false,
    "jump_id": "",
    "segment_description": "for everyone",
    "tags": [],
    "taxonomy_information": {
        "journey_stage": "Education",
        "customer_type": "Consumer",
        "communication_type": "Tips/Tools",
        "product": "HPX"
    },
    "title": "Do More With HPX",
    "updated_at": "2022-11-02T18:17:57.958Z",
    "updated_by": "blt1694396d92625531",
    "url": "/hpxpromotionaltile/blt22577660a6192945",
    "variations": [
        {
            "variation": {
                "variation_id": 1,
                "tile_image": {
                    "uid": "blt0c93e77f15563d8b",
                    "created_by": "blt1694396d92625531",
                    "updated_by": "blt1694396d92625531",
                    "created_at": "2022-10-27T18:47:10.282Z",
                    "updated_at": "2022-10-27T18:47:10.282Z",
                    "content_type": "image/png",
                    "file_size": "122813",
                    "filename": "lookbetteroncalls.png",
                    "title": "lookbetteroncalls.png",
                    "ACL": {},
                    "_version": 1,
                    "parent_uid": null,
                    "is_dir": false,
                    "tags": [],
                    "publish_details": {
                        "environment": "blt218722ec8d39dbd8",
                        "locale": "en-us",
                        "time": "2022-10-27T18:47:37.662Z",
                        "user": "blt1694396d92625531"
                    },
                    "url": "https://images.contentstack.io/v3/assets/blt15ad871ba49b8a41/blt0c93e77f15563d8b/635ad22eceefe870a18c180d/lookbetteroncalls.png"
                },
                "tile_title": "Learn More About HPX",
                "description_copy": "Control your entire HP experience from one app",
                "cta": {
                    "cta_type": "Deeplink",
                    "interstitial": [],
                    "target_url_or_deeplink": {
                        "title": "HPX Info",
                        "href": "www.{{SF.DATE_JOINED}}.com"
                    }
                },
                "tag_or_subtitle": {
                    "display_tag": true,
                    "alignment": "Top Left"
                },
                "abn_percentage": 50,
                "_metadata": {
                    "uid": "cs3d5361dd7419d972"
                }
            }
        },
        {
            "variation": {
                "variation_id": 2,
                "tile_image": {
                    "uid": "bltd9c86f2f9eed60f6",
                    "created_by": "blt1694396d92625531",
                    "updated_by": "blt85b34f4ca218ee20",
                    "created_at": "2022-10-27T18:48:36.430Z",
                    "updated_at": "2022-10-27T20:20:44.545Z",
                    "content_type": "image/png",
                    "file_size": "142281",
                    "filename": "workfromanywhere.png",
                    "title": "workfromanywhere.png",
                    "ACL": {},
                    "_version": 2,
                    "parent_uid": null,
                    "is_dir": false,
                    "tags": [],
                    "description": "",
                    "publish_details": {
                        "environment": "blt218722ec8d39dbd8",
                        "locale": "en-us",
                        "time": "2022-10-28T18:42:33.642Z",
                        "user": "blt85b34f4ca218ee20"
                    },
                    "url": "https://images.contentstack.io/v3/assets/blt15ad871ba49b8a41/bltd9c86f2f9eed60f6/635ae81c330ba0566cd68863/workfromanywhere.png"
                },
                "tile_title": "Learn More About HPX",
                "description_copy": "Control your entire HP experience from one app",
                "cta": {
                    "cta_type": "Deeplink",
                    "interstitial": [],
                    "target_url_or_deeplink": {
                        "title": "HPX Info",
                        "href": "www.{{SF.DATE_JOINED}}.com"
                    }
                },
                "tag_or_subtitle": {
                    "display_tag": true,
                    "alignment": "Top Right"
                },
                "abn_percentage": 50,
                "_metadata": {
                    "uid": "csc3772b705ef88166"
                }
            }
        }
    ],
    "publish_details": {
        "environment": "blt218722ec8d39dbd8",
        "locale": "en-us",
        "time": "2022-11-02T18:18:16.015Z",
        "user": "blt1694396d92625531"
    }
}