{
    "_version": 1,
    "locale": "ja-jp",
    "uid": "blt9607aa6a28539d2e",
    "ACL": {},
    "_in_progress": false,
    "campaign_name": "Test",
    "communication_type": null,
    "created_at": "2022-09-27T14:08:35.378Z",
    "created_by": "blt1694396d92625531",
    "customer_type": null,
    "journey_stage": null,
    "jump_id": "",
    "product": "",
    "segment_description": "test",
    "tags": [],
    "target_url": "",
    "tile_variations": [],
    "title": "test",
    "updated_at": "2022-09-27T14:08:35.378Z",
    "updated_by": "blt1694396d92625531",
    "publish_details": {
        "environment": "blt218722ec8d39dbd8",
        "locale": "en-us",
        "time": "2022-09-27T14:08:38.445Z",
        "user": "blt1694396d92625531"
    }
}